tipo;codigo;custoFixo;autonomia;qtdMaxPessoas_pesoMaximo;protecao_climatizado
1;1;10.000000;100.000000;5
2;2;20.000000;200.000000;200.000000;true
3;3;30.000000;400.000000;300.000000;true
1;11;10.000000;100.000000;5
2;22;20.000000;200.000000;200.000000;true
3;33;30.000000;400.000000;300.000000;true
1;42;25.000000;500.000000;3
2;123;20.000000;500.000000;550.000000;true

