tipo;codigo;custoFixo;autonomia;qtdMaxPessoas_pesoMaximo;protecao_climatizado
1;1;10000.000000;100.000000;5
2;2;22000.000000;220.000000;210.000000;true
3;3;36000.000000;460.000000;340.000000;true
1;4;13000.000000;130.000000;5
2;5;28000.000000;280.000000;240.000000;true
3;6;45000.000000;550.000000;400.000000;true
1;7;16000.000000;160.000000;5
2;8;34000.000000;340.000000;270.000000;true
3;9;54000.000000;640.000000;460.000000;true
1;10;19000.000000;190.000000;5

